file,line,type,commit,author,date,time,timezone,datetime,depth,length
style.css,1,css,1bef06b3,Bokyoung Son,2025-10-15,00:56:12,-07:00,2025-10-15T00:56:12-07:00,0,4
style.css,2,css,1bef06b3,Bokyoung Son,2025-10-15,00:56:12,-07:00,2025-10-15T00:56:12-07:00,2,23
style.css,3,css,26381545,Bokyoung Son,2025-10-15,01:17:45,-07:00,2025-10-15T01:17:45-07:00,2,31
style.css,4,css,1bef06b3,Bokyoung Son,2025-10-15,00:56:12,-07:00,2025-10-15T00:56:12-07:00,0,0
style.css,5,css,908eab09,Bokyoung Son,2025-10-03,20:56:27,-07:00,2025-10-03T20:56:27-07:00,0,4
style.css,6,css,908eab09,Bokyoung Son,2025-10-03,20:56:27,-07:00,2025-10-03T20:56:27-07:00,1,43
style.css,7,css,908eab09,Bokyoung Son,2025-10-03,20:56:27,-07:00,2025-10-03T20:56:27-07:00,0,42
style.css,8,css,908eab09,Bokyoung Son,2025-10-03,20:56:27,-07:00,2025-10-03T20:56:27-07:00,0,0
style.css,9,css,908eab09,Bokyoung Son,2025-10-03,20:56:27,-07:00,2025-10-03T20:56:27-07:00,1,23
style.css,10,css,f48e3294,Bokyoung Son,2025-10-10,15:50:24,-07:00,2025-10-10T15:50:24-07:00,0,0
style.css,11,css,f48e3294,Bokyoung Son,2025-10-10,15:50:24,-07:00,2025-10-10T15:50:24-07:00,1,15
style.css,12,css,f48e3294,Bokyoung Son,2025-10-10,15:50:24,-07:00,2025-10-10T15:50:24-07:00,1,18
style.css,13,css,f48e3294,Bokyoung Son,2025-10-10,15:50:24,-07:00,2025-10-10T15:50:24-07:00,1,12
style.css,14,css,f48e3294,Bokyoung Son,2025-10-10,15:50:24,-07:00,2025-10-10T15:50:24-07:00,0,3
style.css,15,css,f48e3294,Bokyoung Son,2025-10-10,15:50:24,-07:00,2025-10-10T15:50:24-07:00,1,13
style.css,16,css,f48e3294,Bokyoung Son,2025-10-10,15:50:24,-07:00,2025-10-10T15:50:24-07:00,1,17
style.css,17,css,f48e3294,Bokyoung Son,2025-10-10,15:50:24,-07:00,2025-10-10T15:50:24-07:00,1,14
style.css,18,css,f48e3294,Bokyoung Son,2025-10-10,15:50:24,-07:00,2025-10-10T15:50:24-07:00,1,12
style.css,19,css,f48e3294,Bokyoung Son,2025-10-10,15:50:24,-07:00,2025-10-10T15:50:24-07:00,0,0
style.css,20,css,26381545,Bokyoung Son,2025-10-15,01:17:45,-07:00,2025-10-15T01:17:45-07:00,0,0
style.css,21,css,f48e3294,Bokyoung Son,2025-10-10,15:50:24,-07:00,2025-10-10T15:50:24-07:00,0,3
style.css,22,css,1bef06b3,Bokyoung Son,2025-10-15,00:56:12,-07:00,2025-10-15T00:56:12-07:00,1,39
style.css,23,css,f48e3294,Bokyoung Son,2025-10-10,15:50:24,-07:00,2025-10-10T15:50:24-07:00,1,12
style.css,24,css,f48e3294,Bokyoung Son,2025-10-10,15:50:24,-07:00,2025-10-10T15:50:24-07:00,1,17
style.css,25,css,1bef06b3,Bokyoung Son,2025-10-15,00:56:12,-07:00,2025-10-15T00:56:12-07:00,1,43
style.css,26,css,f48e3294,Bokyoung Son,2025-10-10,15:50:24,-07:00,2025-10-10T15:50:24-07:00,0,0
style.css,27,css,f48e3294,Bokyoung Son,2025-10-10,15:50:24,-07:00,2025-10-10T15:50:24-07:00,0,5
style.css,28,css,1bef06b3,Bokyoung Son,2025-10-15,00:56:12,-07:00,2025-10-15T00:56:12-07:00,1,6
style.css,29,css,f48e3294,Bokyoung Son,2025-10-10,15:50:24,-07:00,2025-10-10T15:50:24-07:00,1,20
style.css,30,css,1bef06b3,Bokyoung Son,2025-10-15,00:56:12,-07:00,2025-10-15T00:56:12-07:00,1,13
style.css,31,css,1bef06b3,Bokyoung Son,2025-10-15,00:56:12,-07:00,2025-10-15T00:56:12-07:00,1,17
style.css,32,css,f48e3294,Bokyoung Son,2025-10-10,15:50:24,-07:00,2025-10-10T15:50:24-07:00,1,13
style.css,33,css,26381545,Bokyoung Son,2025-10-15,01:17:45,-07:00,2025-10-15T01:17:45-07:00,0,0
style.css,34,css,1bef06b3,Bokyoung Son,2025-10-15,00:56:12,-07:00,2025-10-15T00:56:12-07:00,0,0
style.css,35,css,1bef06b3,Bokyoung Son,2025-10-15,00:56:12,-07:00,2025-10-15T00:56:12-07:00,0,13
style.css,36,css,1bef06b3,Bokyoung Son,2025-10-15,00:56:12,-07:00,2025-10-15T00:56:12-07:00,1,43
style.css,37,css,1bef06b3,Bokyoung Son,2025-10-15,00:56:12,-07:00,2025-10-15T00:56:12-07:00,1,34
style.css,38,css,f48e3294,Bokyoung Son,2025-10-10,15:50:24,-07:00,2025-10-10T15:50:24-07:00,0,0
style.css,39,css,1bef06b3,Bokyoung Son,2025-10-15,00:56:12,-07:00,2025-10-15T00:56:12-07:00,0,0
style.css,40,css,1bef06b3,Bokyoung Son,2025-10-15,00:56:12,-07:00,2025-10-15T00:56:12-07:00,0,11
style.css,41,css,1bef06b3,Bokyoung Son,2025-10-15,00:56:12,-07:00,2025-10-15T00:56:12-07:00,1,42
style.css,42,css,1bef06b3,Bokyoung Son,2025-10-15,00:56:12,-07:00,2025-10-15T00:56:12-07:00,1,34
style.css,43,css,1bef06b3,Bokyoung Son,2025-10-15,00:56:12,-07:00,2025-10-15T00:56:12-07:00,1,69
style.css,44,css,f48e3294,Bokyoung Son,2025-10-10,15:50:24,-07:00,2025-10-10T15:50:24-07:00,0,0
style.css,45,css,f48e3294,Bokyoung Son,2025-10-10,15:50:24,-07:00,2025-10-10T15:50:24-07:00,0,0
style.css,46,css,26381545,Bokyoung Son,2025-10-15,01:17:45,-07:00,2025-10-15T01:17:45-07:00,0,0
style.css,47,css,26381545,Bokyoung Son,2025-10-15,01:17:45,-07:00,2025-10-15T01:17:45-07:00,0,23
style.css,48,css,f48e3294,Bokyoung Son,2025-10-10,15:50:24,-07:00,2025-10-10T15:50:24-07:00,1,11
style.css,49,css,f48e3294,Bokyoung Son,2025-10-10,15:50:24,-07:00,2025-10-10T15:50:24-07:00,0,0
style.css,50,css,f48e3294,Bokyoung Son,2025-10-10,15:50:24,-07:00,2025-10-10T15:50:24-07:00,0,3
style.css,51,css,f48e3294,Bokyoung Son,2025-10-10,15:50:24,-07:00,2025-10-10T15:50:24-07:00,1,11
style.css,52,css,f48e3294,Bokyoung Son,2025-10-10,15:50:24,-07:00,2025-10-10T15:50:24-07:00,1,29
style.css,53,css,f48e3294,Bokyoung Son,2025-10-10,15:50:24,-07:00,2025-10-10T15:50:24-07:00,1,6
style.css,54,css,f48e3294,Bokyoung Son,2025-10-10,15:50:24,-07:00,2025-10-10T15:50:24-07:00,0,0
style.css,55,css,f48e3294,Bokyoung Son,2025-10-10,15:50:24,-07:00,2025-10-10T15:50:24-07:00,0,10
style.css,56,css,f48e3294,Bokyoung Son,2025-10-10,15:50:24,-07:00,2025-10-10T15:50:24-07:00,1,11
style.css,57,css,f48e3294,Bokyoung Son,2025-10-10,15:50:24,-07:00,2025-10-10T15:50:24-07:00,1,28
style.css,58,css,f48e3294,Bokyoung Son,2025-10-10,15:50:24,-07:00,2025-10-10T15:50:24-07:00,1,15
style.css,59,css,f48e3294,Bokyoung Son,2025-10-10,15:50:24,-07:00,2025-10-10T15:50:24-07:00,1,19
style.css,60,css,f48e3294,Bokyoung Son,2025-10-10,15:50:24,-07:00,2025-10-10T15:50:24-07:00,0,0
style.css,61,css,f48e3294,Bokyoung Son,2025-10-10,15:50:24,-07:00,2025-10-10T15:50:24-07:00,0,11
style.css,62,css,f48e3294,Bokyoung Son,2025-10-10,15:50:24,-07:00,2025-10-10T15:50:24-07:00,1,16
style.css,63,css,f48e3294,Bokyoung Son,2025-10-10,15:50:24,-07:00,2025-10-10T15:50:24-07:00,1,17
style.css,64,css,f48e3294,Bokyoung Son,2025-10-10,15:50:24,-07:00,2025-10-10T15:50:24-07:00,1,13
style.css,65,css,f48e3294,Bokyoung Son,2025-10-10,15:50:24,-07:00,2025-10-10T15:50:24-07:00,0,0
style.css,66,css,26381545,Bokyoung Son,2025-10-15,01:17:45,-07:00,2025-10-15T01:17:45-07:00,0,0
style.css,67,css,26381545,Bokyoung Son,2025-10-15,01:17:45,-07:00,2025-10-15T01:17:45-07:00,0,9
style.css,68,css,26381545,Bokyoung Son,2025-10-15,01:17:45,-07:00,2025-10-15T01:17:45-07:00,1,12
style.css,69,css,f48e3294,Bokyoung Son,2025-10-10,15:50:24,-07:00,2025-10-10T15:50:24-07:00,1,58
style.css,70,css,26381545,Bokyoung Son,2025-10-15,01:17:45,-07:00,2025-10-15T01:17:45-07:00,1,7
style.css,71,css,f48e3294,Bokyoung Son,2025-10-10,15:50:24,-07:00,2025-10-10T15:50:24-07:00,0,0
style.css,72,css,26381545,Bokyoung Son,2025-10-15,01:17:45,-07:00,2025-10-15T01:17:45-07:00,0,0
style.css,73,css,f48e3294,Bokyoung Son,2025-10-10,15:50:24,-07:00,2025-10-10T15:50:24-07:00,0,17
style.css,74,css,26381545,Bokyoung Son,2025-10-15,01:17:45,-07:00,2025-10-15T01:17:45-07:00,1,12
style.css,75,css,f48e3294,Bokyoung Son,2025-10-10,15:50:24,-07:00,2025-10-10T15:50:24-07:00,1,26
style.css,76,css,f0843072,Bokyoung Son,2025-10-24,01:45:51,-07:00,2025-10-24T01:45:51-07:00,1,15
style.css,77,css,f48e3294,Bokyoung Son,2025-10-10,15:50:24,-07:00,2025-10-10T15:50:24-07:00,0,0
style.css,78,css,26381545,Bokyoung Son,2025-10-15,01:17:45,-07:00,2025-10-15T01:17:45-07:00,0,0
style.css,79,css,f48e3294,Bokyoung Son,2025-10-10,15:50:24,-07:00,2025-10-10T15:50:24-07:00,0,20
style.css,80,css,26381545,Bokyoung Son,2025-10-15,01:17:45,-07:00,2025-10-15T01:17:45-07:00,1,8
style.css,81,css,f48e3294,Bokyoung Son,2025-10-10,15:50:24,-07:00,2025-10-10T15:50:24-07:00,0,0
style.css,82,css,26381545,Bokyoung Son,2025-10-15,01:17:45,-07:00,2025-10-15T01:17:45-07:00,0,0
style.css,83,css,f48e3294,Bokyoung Son,2025-10-10,15:50:24,-07:00,2025-10-10T15:50:24-07:00,0,21
style.css,84,css,26381545,Bokyoung Son,2025-10-15,01:17:45,-07:00,2025-10-15T01:17:45-07:00,1,10
style.css,85,css,26381545,Bokyoung Son,2025-10-15,01:17:45,-07:00,2025-10-15T01:17:45-07:00,1,11
style.css,86,css,f48e3294,Bokyoung Son,2025-10-10,15:50:24,-07:00,2025-10-10T15:50:24-07:00,0,0
style.css,87,css,f48e3294,Bokyoung Son,2025-10-10,15:50:24,-07:00,2025-10-10T15:50:24-07:00,0,2
style.css,88,css,f48e3294,Bokyoung Son,2025-10-10,15:50:24,-07:00,2025-10-10T15:50:24-07:00,1,13
style.css,89,css,f48e3294,Bokyoung Son,2025-10-10,15:50:24,-07:00,2025-10-10T15:50:24-07:00,0,0
style.css,90,css,f48e3294,Bokyoung Son,2025-10-10,15:50:24,-07:00,2025-10-10T15:50:24-07:00,0,17
style.css,91,css,f48e3294,Bokyoung Son,2025-10-10,15:50:24,-07:00,2025-10-10T15:50:24-07:00,1,14
style.css,92,css,f48e3294,Bokyoung Son,2025-10-10,15:50:24,-07:00,2025-10-10T15:50:24-07:00,1,16
style.css,93,css,f48e3294,Bokyoung Son,2025-10-10,15:50:24,-07:00,2025-10-10T15:50:24-07:00,0,0
style.css,94,css,f48e3294,Bokyoung Son,2025-10-10,15:50:24,-07:00,2025-10-10T15:50:24-07:00,0,0
style.css,95,css,26381545,Bokyoung Son,2025-10-15,01:17:45,-07:00,2025-10-15T01:17:45-07:00,0,0
style.css,96,css,f48e3294,Bokyoung Son,2025-10-10,15:50:24,-07:00,2025-10-10T15:50:24-07:00,0,7
style.css,97,css,f48e3294,Bokyoung Son,2025-10-10,15:50:24,-07:00,2025-10-10T15:50:24-07:00,1,17
style.css,98,css,f48e3294,Bokyoung Son,2025-10-10,15:50:24,-07:00,2025-10-10T15:50:24-07:00,1,40
style.css,99,css,f48e3294,Bokyoung Son,2025-10-10,15:50:24,-07:00,2025-10-10T15:50:24-07:00,1,17
style.css,100,css,f48e3294,Bokyoung Son,2025-10-10,15:50:24,-07:00,2025-10-10T15:50:24-07:00,0,0
style.css,101,css,f48e3294,Bokyoung Son,2025-10-10,15:50:24,-07:00,2025-10-10T15:50:24-07:00,0,9
style.css,102,css,f48e3294,Bokyoung Son,2025-10-10,15:50:24,-07:00,2025-10-10T15:50:24-07:00,1,24
style.css,103,css,f48e3294,Bokyoung Son,2025-10-10,15:50:24,-07:00,2025-10-10T15:50:24-07:00,1,17
style.css,104,css,f48e3294,Bokyoung Son,2025-10-10,15:50:24,-07:00,2025-10-10T15:50:24-07:00,1,17
style.css,105,css,f48e3294,Bokyoung Son,2025-10-10,15:50:24,-07:00,2025-10-10T15:50:24-07:00,1,17
style.css,106,css,f48e3294,Bokyoung Son,2025-10-10,15:50:24,-07:00,2025-10-10T15:50:24-07:00,0,0
style.css,107,css,f48e3294,Bokyoung Son,2025-10-10,15:50:24,-07:00,2025-10-10T15:50:24-07:00,0,15
style.css,108,css,f48e3294,Bokyoung Son,2025-10-10,15:50:24,-07:00,2025-10-10T15:50:24-07:00,1,16
style.css,109,css,f48e3294,Bokyoung Son,2025-10-10,15:50:24,-07:00,2025-10-10T15:50:24-07:00,1,19
style.css,110,css,26381545,Bokyoung Son,2025-10-15,01:17:45,-07:00,2025-10-15T01:17:45-07:00,1,42
style.css,111,css,f48e3294,Bokyoung Son,2025-10-10,15:50:24,-07:00,2025-10-10T15:50:24-07:00,0,0
style.css,112,css,f48e3294,Bokyoung Son,2025-10-10,15:50:24,-07:00,2025-10-10T15:50:24-07:00,0,25
style.css,113,css,f48e3294,Bokyoung Son,2025-10-10,15:50:24,-07:00,2025-10-10T15:50:24-07:00,1,17
style.css,114,css,f48e3294,Bokyoung Son,2025-10-10,15:50:24,-07:00,2025-10-10T15:50:24-07:00,0,0
style.css,115,css,f48e3294,Bokyoung Son,2025-10-10,15:50:24,-07:00,2025-10-10T15:50:24-07:00,0,14
style.css,116,css,f48e3294,Bokyoung Son,2025-10-10,15:50:24,-07:00,2025-10-10T15:50:24-07:00,1,16
style.css,117,css,f48e3294,Bokyoung Son,2025-10-10,15:50:24,-07:00,2025-10-10T15:50:24-07:00,0,0
style.css,118,css,f48e3294,Bokyoung Son,2025-10-10,15:50:24,-07:00,2025-10-10T15:50:24-07:00,0,9
style.css,119,css,f48e3294,Bokyoung Son,2025-10-10,15:50:24,-07:00,2025-10-10T15:50:24-07:00,1,18
style.css,120,css,f48e3294,Bokyoung Son,2025-10-10,15:50:24,-07:00,2025-10-10T15:50:24-07:00,1,22
style.css,121,css,f48e3294,Bokyoung Son,2025-10-10,15:50:24,-07:00,2025-10-10T15:50:24-07:00,0,0
style.css,122,css,f48e3294,Bokyoung Son,2025-10-10,15:50:24,-07:00,2025-10-10T15:50:24-07:00,0,9
style.css,123,css,f48e3294,Bokyoung Son,2025-10-10,15:50:24,-07:00,2025-10-10T15:50:24-07:00,1,15
style.css,124,css,f48e3294,Bokyoung Son,2025-10-10,15:50:24,-07:00,2025-10-10T15:50:24-07:00,1,14
style.css,125,css,f48e3294,Bokyoung Son,2025-10-10,15:50:24,-07:00,2025-10-10T15:50:24-07:00,0,0
style.css,126,css,f48e3294,Bokyoung Son,2025-10-10,15:50:24,-07:00,2025-10-10T15:50:24-07:00,0,9
style.css,127,css,f48e3294,Bokyoung Son,2025-10-10,15:50:24,-07:00,2025-10-10T15:50:24-07:00,1,17
style.css,128,css,908eab09,Bokyoung Son,2025-10-03,20:56:27,-07:00,2025-10-03T20:56:27-07:00,0,0
style.css,129,css,1bef06b3,Bokyoung Son,2025-10-15,00:56:12,-07:00,2025-10-15T00:56:12-07:00,0,13
style.css,130,css,1bef06b3,Bokyoung Son,2025-10-15,00:56:12,-07:00,2025-10-15T00:56:12-07:00,2,17
style.css,131,css,1bef06b3,Bokyoung Son,2025-10-15,00:56:12,-07:00,2025-10-15T00:56:12-07:00,2,8
style.css,132,css,1bef06b3,Bokyoung Son,2025-10-15,00:56:12,-07:00,2025-10-15T00:56:12-07:00,2,10
style.css,133,css,1bef06b3,Bokyoung Son,2025-10-15,00:56:12,-07:00,2025-10-15T00:56:12-07:00,2,13
style.css,134,css,1bef06b3,Bokyoung Son,2025-10-15,00:56:12,-07:00,2025-10-15T00:56:12-07:00,0,0
style.css,135,css,1bef06b3,Bokyoung Son,2025-10-15,00:56:12,-07:00,2025-10-15T00:56:12-07:00,0,0
style.css,136,css,1bef06b3,Bokyoung Son,2025-10-15,00:56:12,-07:00,2025-10-15T00:56:12-07:00,0,20
style.css,137,css,1bef06b3,Bokyoung Son,2025-10-15,00:56:12,-07:00,2025-10-15T00:56:12-07:00,2,19
style.css,138,css,f0843072,Bokyoung Son,2025-10-24,01:45:51,-07:00,2025-10-24T01:45:51-07:00,0,0
style.css,139,css,f0843072,Bokyoung Son,2025-10-24,01:45:51,-07:00,2025-10-24T01:45:51-07:00,0,0
style.css,140,css,f0843072,Bokyoung Son,2025-10-24,01:45:51,-07:00,2025-10-24T01:45:51-07:00,0,5
style.css,141,css,f0843072,Bokyoung Son,2025-10-24,01:45:51,-07:00,2025-10-24T01:45:51-07:00,1,13
style.css,142,css,f0843072,Bokyoung Son,2025-10-24,01:45:51,-07:00,2025-10-24T01:45:51-07:00,1,15
style.css,143,css,f0843072,Bokyoung Son,2025-10-24,01:45:51,-07:00,2025-10-24T01:45:51-07:00,1,17
style.css,144,css,f0843072,Bokyoung Son,2025-10-24,01:45:51,-07:00,2025-10-24T01:45:51-07:00,1,15
style.css,145,css,f0843072,Bokyoung Son,2025-10-24,01:45:51,-07:00,2025-10-24T01:45:51-07:00,1,14
style.css,146,css,8491ab10,Bokyoung Son,2025-10-31,00:36:47,-07:00,2025-10-31T00:36:47-07:00,0,0
style.css,147,css,8491ab10,Bokyoung Son,2025-10-31,00:36:47,-07:00,2025-10-31T00:36:47-07:00,0,18
style.css,148,css,8491ab10,Bokyoung Son,2025-10-31,00:36:47,-07:00,2025-10-31T00:36:47-07:00,1,14
style.css,149,css,8491ab10,Bokyoung Son,2025-10-31,00:36:47,-07:00,2025-10-31T00:36:47-07:00,1,16
style.css,150,css,8491ab10,Bokyoung Son,2025-10-31,00:36:47,-07:00,2025-10-31T00:36:47-07:00,1,16
style.css,151,css,8491ab10,Bokyoung Son,2025-10-31,00:36:47,-07:00,2025-10-31T00:36:47-07:00,0,0
style.css,152,css,8491ab10,Bokyoung Son,2025-10-31,00:36:47,-07:00,2025-10-31T00:36:47-07:00,0,14
style.css,153,css,8491ab10,Bokyoung Son,2025-10-31,00:36:47,-07:00,2025-10-31T00:36:47-07:00,1,12
style.css,154,css,8491ab10,Bokyoung Son,2025-10-31,00:36:47,-07:00,2025-10-31T00:36:47-07:00,1,7
style.css,155,css,8491ab10,Bokyoung Son,2025-10-31,00:36:47,-07:00,2025-10-31T00:36:47-07:00,1,22
style.css,156,css,8491ab10,Bokyoung Son,2025-10-31,00:36:47,-07:00,2025-10-31T00:36:47-07:00,1,16
style.css,157,css,8491ab10,Bokyoung Son,2025-10-31,00:36:47,-07:00,2025-10-31T00:36:47-07:00,1,13
style.css,158,css,8491ab10,Bokyoung Son,2025-10-31,00:36:47,-07:00,2025-10-31T00:36:47-07:00,1,34
style.css,159,css,8491ab10,Bokyoung Son,2025-10-31,00:36:47,-07:00,2025-10-31T00:36:47-07:00,1,19
style.css,160,css,8491ab10,Bokyoung Son,2025-10-31,00:36:47,-07:00,2025-10-31T00:36:47-07:00,0,0
style.css,161,css,8491ab10,Bokyoung Son,2025-10-31,00:36:47,-07:00,2025-10-31T00:36:47-07:00,0,0
style.css,162,css,8491ab10,Bokyoung Son,2025-10-31,00:36:47,-07:00,2025-10-31T00:36:47-07:00,0,7
style.css,163,css,8491ab10,Bokyoung Son,2025-10-31,00:36:47,-07:00,2025-10-31T00:36:47-07:00,1,6
style.css,164,css,8491ab10,Bokyoung Son,2025-10-31,00:36:47,-07:00,2025-10-31T00:36:47-07:00,0,0
style.css,165,css,8491ab10,Bokyoung Son,2025-10-31,00:36:47,-07:00,2025-10-31T00:36:47-07:00,0,0
style.css,166,css,8491ab10,Bokyoung Son,2025-10-31,00:36:47,-07:00,2025-10-31T00:36:47-07:00,0,7
style.css,167,css,8491ab10,Bokyoung Son,2025-10-31,00:36:47,-07:00,2025-10-31T00:36:47-07:00,1,12
style.css,168,css,8491ab10,Bokyoung Son,2025-10-31,00:36:47,-07:00,2025-10-31T00:36:47-07:00,1,57
style.css,169,css,8491ab10,Bokyoung Son,2025-10-31,00:36:47,-07:00,2025-10-31T00:36:47-07:00,1,13
style.css,170,css,8491ab10,Bokyoung Son,2025-10-31,00:36:47,-07:00,2025-10-31T00:36:47-07:00,1,15
style.css,171,css,8491ab10,Bokyoung Son,2025-10-31,00:36:47,-07:00,2025-10-31T00:36:47-07:00,1,9
style.css,172,css,8491ab10,Bokyoung Son,2025-10-31,00:36:47,-07:00,2025-10-31T00:36:47-07:00,1,12
style.css,173,css,8491ab10,Bokyoung Son,2025-10-31,00:36:47,-07:00,2025-10-31T00:36:47-07:00,0,0
style.css,174,css,8491ab10,Bokyoung Son,2025-10-31,00:36:47,-07:00,2025-10-31T00:36:47-07:00,0,0
style.css,175,css,8491ab10,Bokyoung Son,2025-10-31,00:36:47,-07:00,2025-10-31T00:36:47-07:00,0,12
style.css,176,css,8491ab10,Bokyoung Son,2025-10-31,00:36:47,-07:00,2025-10-31T00:36:47-07:00,1,12
style.css,177,css,8491ab10,Bokyoung Son,2025-10-31,00:36:47,-07:00,2025-10-31T00:36:47-07:00,1,18
style.css,178,css,8491ab10,Bokyoung Son,2025-10-31,00:36:47,-07:00,2025-10-31T00:36:47-07:00,1,9
style.css,179,css,8491ab10,Bokyoung Son,2025-10-31,00:36:47,-07:00,2025-10-31T00:36:47-07:00,1,15
style.css,180,css,8491ab10,Bokyoung Son,2025-10-31,00:36:47,-07:00,2025-10-31T00:36:47-07:00,0,0
style.css,181,css,8491ab10,Bokyoung Son,2025-10-31,00:36:47,-07:00,2025-10-31T00:36:47-07:00,0,0
style.css,182,css,8491ab10,Bokyoung Son,2025-10-31,00:36:47,-07:00,2025-10-31T00:36:47-07:00,0,15
style.css,183,css,8491ab10,Bokyoung Son,2025-10-31,00:36:47,-07:00,2025-10-31T00:36:47-07:00,1,20
style.css,184,css,8491ab10,Bokyoung Son,2025-10-31,00:36:47,-07:00,2025-10-31T00:36:47-07:00,1,9
style.css,185,css,8491ab10,Bokyoung Son,2025-10-31,00:36:47,-07:00,2025-10-31T00:36:47-07:00,1,10
style.css,186,css,8491ab10,Bokyoung Son,2025-10-31,00:36:47,-07:00,2025-10-31T00:36:47-07:00,1,29
style.css,187,css,8491ab10,Bokyoung Son,2025-10-31,00:36:47,-07:00,2025-10-31T00:36:47-07:00,1,17
style.css,188,css,8491ab10,Bokyoung Son,2025-10-31,00:36:47,-07:00,2025-10-31T00:36:47-07:00,1,13
style.css,189,css,8491ab10,Bokyoung Son,2025-10-31,00:36:47,-07:00,2025-10-31T00:36:47-07:00,0,0
style.css,190,css,8491ab10,Bokyoung Son,2025-10-31,00:36:47,-07:00,2025-10-31T00:36:47-07:00,0,0
style.css,191,css,8491ab10,Bokyoung Son,2025-10-31,00:36:47,-07:00,2025-10-31T00:36:47-07:00,0,10
style.css,192,css,8491ab10,Bokyoung Son,2025-10-31,00:36:47,-07:00,2025-10-31T00:36:47-07:00,1,24
style.css,193,css,8491ab10,Bokyoung Son,2025-10-31,00:36:47,-07:00,2025-10-31T00:36:47-07:00,1,17
style.css,194,css,8491ab10,Bokyoung Son,2025-10-31,00:36:47,-07:00,2025-10-31T00:36:47-07:00,1,15
style.css,195,css,8491ab10,Bokyoung Son,2025-10-31,00:36:47,-07:00,2025-10-31T00:36:47-07:00,0,0
style.css,196,css,8491ab10,Bokyoung Son,2025-10-31,00:36:47,-07:00,2025-10-31T00:36:47-07:00,0,0
style.css,197,css,8491ab10,Bokyoung Son,2025-10-31,00:36:47,-07:00,2025-10-31T00:36:47-07:00,0,10
style.css,198,css,8491ab10,Bokyoung Son,2025-10-31,00:36:47,-07:00,2025-10-31T00:36:47-07:00,1,10
style.css,199,css,8491ab10,Bokyoung Son,2025-10-31,00:36:47,-07:00,2025-10-31T00:36:47-07:00,1,18
style.css,200,css,8491ab10,Bokyoung Son,2025-10-31,00:36:47,-07:00,2025-10-31T00:36:47-07:00,1,18
style.css,201,css,8491ab10,Bokyoung Son,2025-10-31,00:36:47,-07:00,2025-10-31T00:36:47-07:00,1,13
style.css,202,css,8491ab10,Bokyoung Son,2025-10-31,00:36:47,-07:00,2025-10-31T00:36:47-07:00,1,34
style.css,203,css,8491ab10,Bokyoung Son,2025-10-31,00:36:47,-07:00,2025-10-31T00:36:47-07:00,1,19
style.css,204,css,8491ab10,Bokyoung Son,2025-10-31,00:36:47,-07:00,2025-10-31T00:36:47-07:00,1,21
style.css,205,css,8491ab10,Bokyoung Son,2025-10-31,00:36:47,-07:00,2025-10-31T00:36:47-07:00,0,0
style.css,206,css,8491ab10,Bokyoung Son,2025-10-31,00:36:47,-07:00,2025-10-31T00:36:47-07:00,0,0
style.css,207,css,8491ab10,Bokyoung Son,2025-10-31,00:36:47,-07:00,2025-10-31T00:36:47-07:00,0,16
style.css,208,css,8491ab10,Bokyoung Son,2025-10-31,00:36:47,-07:00,2025-10-31T00:36:47-07:00,1,12
style.css,209,css,8491ab10,Bokyoung Son,2025-10-31,00:36:47,-07:00,2025-10-31T00:36:47-07:00,1,32
style.css,210,css,8491ab10,Bokyoung Son,2025-10-31,00:36:47,-07:00,2025-10-31T00:36:47-07:00,0,0
style.css,211,css,8491ab10,Bokyoung Son,2025-10-31,00:36:47,-07:00,2025-10-31T00:36:47-07:00,0,23
style.css,212,css,8491ab10,Bokyoung Son,2025-10-31,00:36:47,-07:00,2025-10-31T00:36:47-07:00,1,14
style.css,213,css,8491ab10,Bokyoung Son,2025-10-31,00:36:47,-07:00,2025-10-31T00:36:47-07:00,1,36
style.css,214,css,8491ab10,Bokyoung Son,2025-10-31,00:36:47,-07:00,2025-10-31T00:36:47-07:00,0,0
style.css,215,css,8491ab10,Bokyoung Son,2025-10-31,00:36:47,-07:00,2025-10-31T00:36:47-07:00,0,0
style.css,216,css,8491ab10,Bokyoung Son,2025-10-31,00:36:47,-07:00,2025-10-31T00:36:47-07:00,0,0
style.css,217,css,8491ab10,Bokyoung Son,2025-10-31,00:36:47,-07:00,2025-10-31T00:36:47-07:00,0,51
style.css,218,css,8491ab10,Bokyoung Son,2025-10-31,00:36:47,-07:00,2025-10-31T00:36:47-07:00,1,11
style.css,219,css,8491ab10,Bokyoung Son,2025-10-31,00:36:47,-07:00,2025-10-31T00:36:47-07:00,0,0
style.css,220,css,8491ab10,Bokyoung Son,2025-10-31,00:36:47,-07:00,2025-10-31T00:36:47-07:00,0,0
style.css,221,css,8491ab10,Bokyoung Son,2025-10-31,00:36:47,-07:00,2025-10-31T00:36:47-07:00,0,9
style.css,222,css,8491ab10,Bokyoung Son,2025-10-31,00:36:47,-07:00,2025-10-31T00:36:47-07:00,1,35
style.css,223,css,8491ab10,Bokyoung Son,2025-10-31,00:36:47,-07:00,2025-10-31T00:36:47-07:00,0,0
style.css,224,css,8491ab10,Bokyoung Son,2025-10-31,00:36:47,-07:00,2025-10-31T00:36:47-07:00,0,0
style.css,225,css,8491ab10,Bokyoung Son,2025-10-31,00:36:47,-07:00,2025-10-31T00:36:47-07:00,0,18
style.css,226,css,8491ab10,Bokyoung Son,2025-10-31,00:36:47,-07:00,2025-10-31T00:36:47-07:00,1,17
style.css,227,css,1bef06b3,Bokyoung Son,2025-10-15,00:56:12,-07:00,2025-10-15T00:56:12-07:00,0,0
index.js,1,js,f0843072,Bokyoung Son,2025-10-24,01:45:51,-07:00,2025-10-24T01:45:51-07:00,0,71
index.js,2,js,f0843072,Bokyoung Son,2025-10-24,01:45:51,-07:00,2025-10-24T01:45:51-07:00,0,0
index.js,3,js,f0843072,Bokyoung Son,2025-10-24,01:45:51,-07:00,2025-10-24T01:45:51-07:00,0,54
index.js,4,js,f0843072,Bokyoung Son,2025-10-24,01:45:51,-07:00,2025-10-24T01:45:51-07:00,0,0
index.js,5,js,f0843072,Bokyoung Son,2025-10-24,01:45:51,-07:00,2025-10-24T01:45:51-07:00,0,42
index.js,6,js,f0843072,Bokyoung Son,2025-10-24,01:45:51,-07:00,2025-10-24T01:45:51-07:00,0,0
index.js,7,js,f0843072,Bokyoung Son,2025-10-24,01:45:51,-07:00,2025-10-24T01:45:51-07:00,0,60
index.js,8,js,f0843072,Bokyoung Son,2025-10-24,01:45:51,-07:00,2025-10-24T01:45:51-07:00,0,0
index.js,9,js,f0843072,Bokyoung Son,2025-10-24,01:45:51,-07:00,2025-10-24T01:45:51-07:00,0,22
index.js,10,js,f0843072,Bokyoung Son,2025-10-24,01:45:51,-07:00,2025-10-24T01:45:51-07:00,1,54
index.js,11,js,f0843072,Bokyoung Son,2025-10-24,01:45:51,-07:00,2025-10-24T01:45:51-07:00,0,0
index.js,12,js,f0843072,Bokyoung Son,2025-10-24,01:45:51,-07:00,2025-10-24T01:45:51-07:00,0,50
index.js,13,js,f0843072,Bokyoung Son,2025-10-24,01:45:51,-07:00,2025-10-24T01:45:51-07:00,0,0
index.js,14,js,f0843072,Bokyoung Son,2025-10-24,01:45:51,-07:00,2025-10-24T01:45:51-07:00,0,60
index.js,15,js,f0843072,Bokyoung Son,2025-10-24,01:45:51,-07:00,2025-10-24T01:45:51-07:00,0,0
index.js,16,js,f0843072,Bokyoung Son,2025-10-24,01:45:51,-07:00,2025-10-24T01:45:51-07:00,0,17
index.js,17,js,f0843072,Bokyoung Son,2025-10-24,01:45:51,-07:00,2025-10-24T01:45:51-07:00,1,24
index.js,18,js,f0843072,Bokyoung Son,2025-10-24,01:45:51,-07:00,2025-10-24T01:45:51-07:00,2,2
index.js,19,js,f0843072,Bokyoung Son,2025-10-24,01:45:51,-07:00,2025-10-24T01:45:51-07:00,3,19
index.js,20,js,f0843072,Bokyoung Son,2025-10-24,01:45:51,-07:00,2025-10-24T01:45:51-07:00,3,33
index.js,21,js,f0843072,Bokyoung Son,2025-10-24,01:45:51,-07:00,2025-10-24T01:45:51-07:00,3,0
index.js,22,js,f0843072,Bokyoung Son,2025-10-24,01:45:51,-07:00,2025-10-24T01:45:51-07:00,3,19
index.js,23,js,f0843072,Bokyoung Son,2025-10-24,01:45:51,-07:00,2025-10-24T01:45:51-07:00,3,33
index.js,24,js,f0843072,Bokyoung Son,2025-10-24,01:45:51,-07:00,2025-10-24T01:45:51-07:00,3,0
index.js,25,js,f0843072,Bokyoung Son,2025-10-24,01:45:51,-07:00,2025-10-24T01:45:51-07:00,3,16
index.js,26,js,f0843072,Bokyoung Son,2025-10-24,01:45:51,-07:00,2025-10-24T01:45:51-07:00,3,30
index.js,27,js,f0843072,Bokyoung Son,2025-10-24,01:45:51,-07:00,2025-10-24T01:45:51-07:00,3,0
index.js,28,js,f0843072,Bokyoung Son,2025-10-24,01:45:51,-07:00,2025-10-24T01:45:51-07:00,3,16
index.js,29,js,f0843072,Bokyoung Son,2025-10-24,01:45:51,-07:00,2025-10-24T01:45:51-07:00,3,30
index.js,30,js,f0843072,Bokyoung Son,2025-10-24,01:45:51,-07:00,2025-10-24T01:45:51-07:00,2,3
index.js,31,js,f0843072,Bokyoung Son,2025-10-24,01:45:51,-07:00,2025-10-24T01:45:51-07:00,1,0
index.js,32,js,f0843072,Bokyoung Son,2025-10-24,01:45:51,-07:00,2025-10-24T01:45:51-07:00,0,0
index.html,1,html,37c2efcc,Bokyoung Son,2025-10-03,17:51:31,-07:00,2025-10-03T17:51:31-07:00,0,13
index.html,2,html,37c2efcc,Bokyoung Son,2025-10-03,17:51:31,-07:00,2025-10-03T17:51:31-07:00,0,14
index.html,3,html,37c2efcc,Bokyoung Son,2025-10-03,17:51:31,-07:00,2025-10-03T17:51:31-07:00,0,4
index.html,4,html,37c2efcc,Bokyoung Son,2025-10-03,17:51:31,-07:00,2025-10-03T17:51:31-07:00,2,20
index.html,5,html,37c2efcc,Bokyoung Son,2025-10-03,17:51:31,-07:00,2025-10-03T17:51:31-07:00,2,68
index.html,6,html,37c2efcc,Bokyoung Son,2025-10-03,17:51:31,-07:00,2025-10-03T17:51:31-07:00,2,54
index.html,7,html,908eab09,Bokyoung Son,2025-10-03,20:56:27,-07:00,2025-10-03T20:56:27-07:00,2,38
index.html,8,html,37c2efcc,Bokyoung Son,2025-10-03,17:51:31,-07:00,2025-10-03T17:51:31-07:00,0,0
index.html,9,html,37c2efcc,Bokyoung Son,2025-10-03,17:51:31,-07:00,2025-10-03T17:51:31-07:00,0,5
index.html,10,html,37c2efcc,Bokyoung Son,2025-10-03,17:51:31,-07:00,2025-10-03T17:51:31-07:00,0,4
index.html,11,html,00000000,Not Committed Yet,2025-11-05,18:26:10,-08:00,2025-11-05T18:26:10-08:00,2,3
index.html,12,html,00000000,Not Committed Yet,2025-11-05,18:26:10,-08:00,2025-11-05T18:26:10-08:00,4,27
index.html,13,html,00000000,Not Committed Yet,2025-11-05,18:26:10,-08:00,2025-11-05T18:26:10-08:00,4,31
index.html,14,html,00000000,Not Committed Yet,2025-11-05,18:26:10,-08:00,2025-11-05T18:26:10-08:00,2,4
index.html,15,html,37c2efcc,Bokyoung Son,2025-10-03,17:51:31,-07:00,2025-10-03T17:51:31-07:00,2,19
index.html,16,html,37c2efcc,Bokyoung Son,2025-10-03,17:51:31,-07:00,2025-10-03T17:51:31-07:00,2,101
index.html,17,html,908eab09,Bokyoung Son,2025-10-03,20:56:27,-07:00,2025-10-03T20:56:27-07:00,2,76
index.html,18,html,f0843072,Bokyoung Son,2025-10-24,01:45:51,-07:00,2025-10-24T01:45:51-07:00,2,7
index.html,19,html,f0843072,Bokyoung Son,2025-10-24,01:45:51,-07:00,2025-10-24T01:45:51-07:00,2,19
index.html,20,html,f0843072,Bokyoung Son,2025-10-24,01:45:51,-07:00,2025-10-24T01:45:51-07:00,2,22
index.html,21,html,f0843072,Bokyoung Son,2025-10-24,01:45:51,-07:00,2025-10-24T01:45:51-07:00,2,4
index.html,22,html,f0843072,Bokyoung Son,2025-10-24,01:45:51,-07:00,2025-10-24T01:45:51-07:00,2,8
index.html,23,html,f0843072,Bokyoung Son,2025-10-24,01:45:51,-07:00,2025-10-24T01:45:51-07:00,2,7
index.html,24,html,f0843072,Bokyoung Son,2025-10-24,01:45:51,-07:00,2025-10-24T01:45:51-07:00,2,22
index.html,25,html,f0843072,Bokyoung Son,2025-10-24,01:45:51,-07:00,2025-10-24T01:45:51-07:00,2,20
index.html,26,html,f0843072,Bokyoung Son,2025-10-24,01:45:51,-07:00,2025-10-24T01:45:51-07:00,2,4
index.html,27,html,f0843072,Bokyoung Son,2025-10-24,01:45:51,-07:00,2025-10-24T01:45:51-07:00,2,8
index.html,28,html,f0843072,Bokyoung Son,2025-10-24,01:45:51,-07:00,2025-10-24T01:45:51-07:00,2,44
index.html,29,html,37c2efcc,Bokyoung Son,2025-10-03,17:51:31,-07:00,2025-10-03T17:51:31-07:00,0,5
index.html,30,html,37c2efcc,Bokyoung Son,2025-10-03,17:51:31,-07:00,2025-10-03T17:51:31-07:00,0,5
global.js,1,js,1bef06b3,Bokyoung Son,2025-10-15,00:56:12,-07:00,2025-10-15T00:56:12-07:00,0,25
global.js,2,js,1bef06b3,Bokyoung Son,2025-10-15,00:56:12,-07:00,2025-10-15T00:56:12-07:00,0,0
global.js,3,js,1bef06b3,Bokyoung Son,2025-10-15,00:56:12,-07:00,2025-10-15T00:56:12-07:00,0,41
global.js,4,js,1bef06b3,Bokyoung Son,2025-10-15,00:56:12,-07:00,2025-10-15T00:56:12-07:00,2,52
global.js,5,js,1bef06b3,Bokyoung Son,2025-10-15,00:56:12,-07:00,2025-10-15T00:56:12-07:00,0,0
global.js,6,js,1bef06b3,Bokyoung Son,2025-10-15,00:56:12,-07:00,2025-10-15T00:56:12-07:00,0,0
global.js,7,js,1bef06b3,Bokyoung Son,2025-10-15,00:56:12,-07:00,2025-10-15T00:56:12-07:00,0,12
global.js,8,js,1bef06b3,Bokyoung Son,2025-10-15,00:56:12,-07:00,2025-10-15T00:56:12-07:00,0,28
global.js,9,js,1bef06b3,Bokyoung Son,2025-10-15,00:56:12,-07:00,2025-10-15T00:56:12-07:00,0,102
global.js,10,js,1bef06b3,Bokyoung Son,2025-10-15,00:56:12,-07:00,2025-10-15T00:56:12-07:00,0,39
global.js,11,js,1bef06b3,Bokyoung Son,2025-10-15,00:56:12,-07:00,2025-10-15T00:56:12-07:00,0,0
global.js,12,js,1bef06b3,Bokyoung Son,2025-10-15,00:56:12,-07:00,2025-10-15T00:56:12-07:00,0,11
global.js,13,js,1bef06b3,Bokyoung Son,2025-10-15,00:56:12,-07:00,2025-10-15T00:56:12-07:00,2,25
global.js,14,js,1bef06b3,Bokyoung Son,2025-10-15,00:56:12,-07:00,2025-10-15T00:56:12-07:00,2,38
global.js,15,js,1bef06b3,Bokyoung Son,2025-10-15,00:56:12,-07:00,2025-10-15T00:56:12-07:00,2,36
global.js,16,js,1bef06b3,Bokyoung Son,2025-10-15,00:56:12,-07:00,2025-10-15T00:56:12-07:00,2,26
global.js,17,js,1bef06b3,Bokyoung Son,2025-10-15,00:56:12,-07:00,2025-10-15T00:56:12-07:00,2,52
global.js,18,js,1bef06b3,Bokyoung Son,2025-10-15,00:56:12,-07:00,2025-10-15T00:56:12-07:00,0,0
global.js,19,js,1bef06b3,Bokyoung Son,2025-10-15,00:56:12,-07:00,2025-10-15T00:56:12-07:00,0,0
global.js,20,js,1bef06b3,Bokyoung Son,2025-10-15,00:56:12,-07:00,2025-10-15T00:56:12-07:00,0,0
global.js,21,js,1bef06b3,Bokyoung Son,2025-10-15,00:56:12,-07:00,2025-10-15T00:56:12-07:00,0,86
global.js,22,js,1bef06b3,Bokyoung Son,2025-10-15,00:56:12,-07:00,2025-10-15T00:56:12-07:00,2,3
global.js,23,js,1bef06b3,Bokyoung Son,2025-10-15,00:56:12,-07:00,2025-10-15T00:56:12-07:00,2,14
global.js,24,js,1bef06b3,Bokyoung Son,2025-10-15,00:56:12,-07:00,2025-10-15T00:56:12-07:00,0,0
global.js,25,js,1bef06b3,Bokyoung Son,2025-10-15,00:56:12,-07:00,2025-10-15T00:56:12-07:00,0,0
global.js,26,js,1bef06b3,Bokyoung Son,2025-10-15,00:56:12,-07:00,2025-10-15T00:56:12-07:00,0,38
global.js,27,js,1bef06b3,Bokyoung Son,2025-10-15,00:56:12,-07:00,2025-10-15T00:56:12-07:00,0,25
global.js,28,js,1bef06b3,Bokyoung Son,2025-10-15,00:56:12,-07:00,2025-10-15T00:56:12-07:00,0,0
global.js,29,js,1bef06b3,Bokyoung Son,2025-10-15,00:56:12,-07:00,2025-10-15T00:56:12-07:00,0,0
global.js,30,js,1bef06b3,Bokyoung Son,2025-10-15,00:56:12,-07:00,2025-10-15T00:56:12-07:00,0,20
global.js,31,js,1bef06b3,Bokyoung Son,2025-10-15,00:56:12,-07:00,2025-10-15T00:56:12-07:00,2,14
global.js,32,js,1bef06b3,Bokyoung Son,2025-10-15,00:56:12,-07:00,2025-10-15T00:56:12-07:00,2,18
global.js,33,js,1bef06b3,Bokyoung Son,2025-10-15,00:56:12,-07:00,2025-10-15T00:56:12-07:00,2,0
global.js,34,js,1bef06b3,Bokyoung Son,2025-10-15,00:56:12,-07:00,2025-10-15T00:56:12-07:00,2,28
global.js,35,js,1bef06b3,Bokyoung Son,2025-10-15,00:56:12,-07:00,2025-10-15T00:56:12-07:00,4,20
global.js,36,js,1bef06b3,Bokyoung Son,2025-10-15,00:56:12,-07:00,2025-10-15T00:56:12-07:00,2,0
global.js,37,js,1bef06b3,Bokyoung Son,2025-10-15,00:56:12,-07:00,2025-10-15T00:56:12-07:00,2,0
global.js,38,js,1bef06b3,Bokyoung Son,2025-10-15,00:56:12,-07:00,2025-10-15T00:56:12-07:00,2,34
global.js,39,js,1bef06b3,Bokyoung Son,2025-10-15,00:56:12,-07:00,2025-10-15T00:56:12-07:00,2,11
global.js,40,js,1bef06b3,Bokyoung Son,2025-10-15,00:56:12,-07:00,2025-10-15T00:56:12-07:00,2,20
global.js,41,js,1bef06b3,Bokyoung Son,2025-10-15,00:56:12,-07:00,2025-10-15T00:56:12-07:00,2,12
global.js,42,js,1bef06b3,Bokyoung Son,2025-10-15,00:56:12,-07:00,2025-10-15T00:56:12-07:00,2,0
global.js,43,js,1bef06b3,Bokyoung Son,2025-10-15,00:56:12,-07:00,2025-10-15T00:56:12-07:00,2,65
global.js,44,js,1bef06b3,Bokyoung Son,2025-10-15,00:56:12,-07:00,2025-10-15T00:56:12-07:00,4,25
global.js,45,js,1bef06b3,Bokyoung Son,2025-10-15,00:56:12,-07:00,2025-10-15T00:56:12-07:00,2,0
global.js,46,js,1bef06b3,Bokyoung Son,2025-10-15,00:56:12,-07:00,2025-10-15T00:56:12-07:00,2,0
global.js,47,js,1bef06b3,Bokyoung Son,2025-10-15,00:56:12,-07:00,2025-10-15T00:56:12-07:00,2,29
global.js,48,js,1bef06b3,Bokyoung Son,2025-10-15,00:56:12,-07:00,2025-10-15T00:56:12-07:00,4,18
global.js,49,js,1bef06b3,Bokyoung Son,2025-10-15,00:56:12,-07:00,2025-10-15T00:56:12-07:00,2,0
global.js,50,js,1bef06b3,Bokyoung Son,2025-10-15,00:56:12,-07:00,2025-10-15T00:56:12-07:00,0,0
global.js,51,js,1bef06b3,Bokyoung Son,2025-10-15,00:56:12,-07:00,2025-10-15T00:56:12-07:00,0,0
global.js,52,js,1bef06b3,Bokyoung Son,2025-10-15,00:56:12,-07:00,2025-10-15T00:56:12-07:00,0,31
global.js,53,js,1bef06b3,Bokyoung Son,2025-10-15,00:56:12,-07:00,2025-10-15T00:56:12-07:00,2,11
global.js,54,js,1bef06b3,Bokyoung Son,2025-10-15,00:56:12,-07:00,2025-10-15T00:56:12-07:00,2,0
global.js,55,js,1bef06b3,Bokyoung Son,2025-10-15,00:56:12,-07:00,2025-10-15T00:56:12-07:00,2,26
global.js,56,js,1bef06b3,Bokyoung Son,2025-10-15,00:56:12,-07:00,2025-10-15T00:56:12-07:00,4,4
global.js,57,js,1bef06b3,Bokyoung Son,2025-10-15,00:56:12,-07:00,2025-10-15T00:56:12-07:00,4,6
global.js,58,js,1bef06b3,Bokyoung Son,2025-10-15,00:56:12,-07:00,2025-10-15T00:56:12-07:00,6,43
global.js,59,js,1bef06b3,Bokyoung Son,2025-10-15,00:56:12,-07:00,2025-10-15T00:56:12-07:00,6,34
global.js,60,js,1bef06b3,Bokyoung Son,2025-10-15,00:56:12,-07:00,2025-10-15T00:56:12-07:00,6,32
global.js,61,js,1bef06b3,Bokyoung Son,2025-10-15,00:56:12,-07:00,2025-10-15T00:56:12-07:00,4,7
global.js,62,js,1bef06b3,Bokyoung Son,2025-10-15,00:56:12,-07:00,2025-10-15T00:56:12-07:00,2,6
global.js,63,js,1bef06b3,Bokyoung Son,2025-10-15,00:56:12,-07:00,2025-10-15T00:56:12-07:00,2,0
global.js,64,js,1bef06b3,Bokyoung Son,2025-10-15,00:56:12,-07:00,2025-10-15T00:56:12-07:00,0,0
global.js,65,js,1bef06b3,Bokyoung Son,2025-10-15,00:56:12,-07:00,2025-10-15T00:56:12-07:00,0,0
global.js,66,js,1bef06b3,Bokyoung Son,2025-10-15,00:56:12,-07:00,2025-10-15T00:56:12-07:00,0,58
global.js,67,js,1bef06b3,Bokyoung Son,2025-10-15,00:56:12,-07:00,2025-10-15T00:56:12-07:00,0,0
global.js,68,js,1bef06b3,Bokyoung Son,2025-10-15,00:56:12,-07:00,2025-10-15T00:56:12-07:00,0,36
global.js,69,js,1bef06b3,Bokyoung Son,2025-10-15,00:56:12,-07:00,2025-10-15T00:56:12-07:00,2,70
global.js,70,js,1bef06b3,Bokyoung Son,2025-10-15,00:56:12,-07:00,2025-10-15T00:56:12-07:00,2,25
global.js,71,js,1bef06b3,Bokyoung Son,2025-10-15,00:56:12,-07:00,2025-10-15T00:56:12-07:00,0,0
global.js,72,js,1bef06b3,Bokyoung Son,2025-10-15,00:56:12,-07:00,2025-10-15T00:56:12-07:00,0,0
global.js,73,js,1bef06b3,Bokyoung Son,2025-10-15,00:56:12,-07:00,2025-10-15T00:56:12-07:00,0,49
global.js,74,js,1bef06b3,Bokyoung Son,2025-10-15,00:56:12,-07:00,2025-10-15T00:56:12-07:00,2,57
global.js,75,js,1bef06b3,Bokyoung Son,2025-10-15,00:56:12,-07:00,2025-10-15T00:56:12-07:00,2,0
global.js,76,js,1bef06b3,Bokyoung Son,2025-10-15,00:56:12,-07:00,2025-10-15T00:56:12-07:00,2,33
global.js,77,js,1bef06b3,Bokyoung Son,2025-10-15,00:56:12,-07:00,2025-10-15T00:56:12-07:00,2,0
global.js,78,js,1bef06b3,Bokyoung Son,2025-10-15,00:56:12,-07:00,2025-10-15T00:56:12-07:00,2,44
global.js,79,js,1bef06b3,Bokyoung Son,2025-10-15,00:56:12,-07:00,2025-10-15T00:56:12-07:00,0,1
global.js,80,js,1bef06b3,Bokyoung Son,2025-10-15,00:56:12,-07:00,2025-10-15T00:56:12-07:00,0,0
global.js,81,js,1bef06b3,Bokyoung Son,2025-10-15,00:56:12,-07:00,2025-10-15T00:56:12-07:00,0,34
global.js,82,js,1bef06b3,Bokyoung Son,2025-10-15,00:56:12,-07:00,2025-10-15T00:56:12-07:00,2,39
global.js,83,js,1bef06b3,Bokyoung Son,2025-10-15,00:56:12,-07:00,2025-10-15T00:56:12-07:00,0,0
global.js,84,js,1bef06b3,Bokyoung Son,2025-10-15,00:56:12,-07:00,2025-10-15T00:56:12-07:00,0,0
global.js,85,js,1bef06b3,Bokyoung Son,2025-10-15,00:56:12,-07:00,2025-10-15T00:56:12-07:00,0,40
global.js,86,js,1bef06b3,Bokyoung Son,2025-10-15,00:56:12,-07:00,2025-10-15T00:56:12-07:00,0,0
global.js,87,js,1bef06b3,Bokyoung Son,2025-10-15,00:56:12,-07:00,2025-10-15T00:56:12-07:00,0,48
global.js,88,js,1bef06b3,Bokyoung Son,2025-10-15,00:56:12,-07:00,2025-10-15T00:56:12-07:00,2,21
global.js,89,js,1bef06b3,Bokyoung Son,2025-10-15,00:56:12,-07:00,2025-10-15T00:56:12-07:00,2,0
global.js,90,js,1bef06b3,Bokyoung Son,2025-10-15,00:56:12,-07:00,2025-10-15T00:56:12-07:00,2,28
global.js,91,js,1bef06b3,Bokyoung Son,2025-10-15,00:56:12,-07:00,2025-10-15T00:56:12-07:00,2,0
global.js,92,js,1bef06b3,Bokyoung Son,2025-10-15,00:56:12,-07:00,2025-10-15T00:56:12-07:00,2,26
global.js,93,js,1bef06b3,Bokyoung Son,2025-10-15,00:56:12,-07:00,2025-10-15T00:56:12-07:00,2,0
global.js,94,js,1bef06b3,Bokyoung Son,2025-10-15,00:56:12,-07:00,2025-10-15T00:56:12-07:00,2,31
global.js,95,js,1bef06b3,Bokyoung Son,2025-10-15,00:56:12,-07:00,2025-10-15T00:56:12-07:00,4,50
global.js,96,js,1bef06b3,Bokyoung Son,2025-10-15,00:56:12,-07:00,2025-10-15T00:56:12-07:00,2,0
global.js,97,js,1bef06b3,Bokyoung Son,2025-10-15,00:56:12,-07:00,2025-10-15T00:56:12-07:00,2,21
global.js,98,js,1bef06b3,Bokyoung Son,2025-10-15,00:56:12,-07:00,2025-10-15T00:56:12-07:00,2,18
global.js,99,js,f0843072,Bokyoung Son,2025-10-24,01:45:51,-07:00,2025-10-24T01:45:51-07:00,0,1
global.js,100,js,f0843072,Bokyoung Son,2025-10-24,01:45:51,-07:00,2025-10-24T01:45:51-07:00,0,0
global.js,101,js,f0843072,Bokyoung Son,2025-10-24,01:45:51,-07:00,2025-10-24T01:45:51-07:00,0,36
global.js,102,js,f0843072,Bokyoung Son,2025-10-24,01:45:51,-07:00,2025-10-24T01:45:51-07:00,1,3
global.js,103,js,f0843072,Bokyoung Son,2025-10-24,01:45:51,-07:00,2025-10-24T01:45:51-07:00,2,0
global.js,104,js,f0843072,Bokyoung Son,2025-10-24,01:45:51,-07:00,2025-10-24T01:45:51-07:00,2,32
global.js,105,js,f0843072,Bokyoung Son,2025-10-24,01:45:51,-07:00,2025-10-24T01:45:51-07:00,2,0
global.js,106,js,f0843072,Bokyoung Son,2025-10-24,01:45:51,-07:00,2025-10-24T01:45:51-07:00,2,17
global.js,107,js,f0843072,Bokyoung Son,2025-10-24,01:45:51,-07:00,2025-10-24T01:45:51-07:00,3,66
global.js,108,js,f0843072,Bokyoung Son,2025-10-24,01:45:51,-07:00,2025-10-24T01:45:51-07:00,2,0
global.js,109,js,f0843072,Bokyoung Son,2025-10-24,01:45:51,-07:00,2025-10-24T01:45:51-07:00,2,0
global.js,110,js,f0843072,Bokyoung Son,2025-10-24,01:45:51,-07:00,2025-10-24T01:45:51-07:00,2,33
global.js,111,js,f0843072,Bokyoung Son,2025-10-24,01:45:51,-07:00,2025-10-24T01:45:51-07:00,2,10
global.js,112,js,f0843072,Bokyoung Son,2025-10-24,01:45:51,-07:00,2025-10-24T01:45:51-07:00,2,0
global.js,113,js,f0843072,Bokyoung Son,2025-10-24,01:45:51,-07:00,2025-10-24T01:45:51-07:00,1,15
global.js,114,js,f0843072,Bokyoung Son,2025-10-24,01:45:51,-07:00,2025-10-24T01:45:51-07:00,2,59
global.js,115,js,f0843072,Bokyoung Son,2025-10-24,01:45:51,-07:00,2025-10-24T01:45:51-07:00,1,0
global.js,116,js,f0843072,Bokyoung Son,2025-10-24,01:45:51,-07:00,2025-10-24T01:45:51-07:00,0,0
global.js,117,js,f0843072,Bokyoung Son,2025-10-24,01:45:51,-07:00,2025-10-24T01:45:51-07:00,0,0
global.js,118,js,f0843072,Bokyoung Son,2025-10-24,01:45:51,-07:00,2025-10-24T01:45:51-07:00,0,79
global.js,119,js,f0843072,Bokyoung Son,2025-10-24,01:45:51,-07:00,2025-10-24T01:45:51-07:00,1,30
global.js,120,js,f0843072,Bokyoung Son,2025-10-24,01:45:51,-07:00,2025-10-24T01:45:51-07:00,1,0
global.js,121,js,f0843072,Bokyoung Son,2025-10-24,01:45:51,-07:00,2025-10-24T01:45:51-07:00,1,27
global.js,122,js,f0843072,Bokyoung Son,2025-10-24,01:45:51,-07:00,2025-10-24T01:45:51-07:00,2,48
global.js,123,js,f0843072,Bokyoung Son,2025-10-24,01:45:51,-07:00,2025-10-24T01:45:51-07:00,2,0
global.js,124,js,f0843072,Bokyoung Son,2025-10-24,01:45:51,-07:00,2025-10-24T01:45:51-07:00,2,19
global.js,125,js,f0843072,Bokyoung Son,2025-10-24,01:45:51,-07:00,2025-10-24T01:45:51-07:00,3,49
global.js,126,js,f0843072,Bokyoung Son,2025-10-24,01:45:51,-07:00,2025-10-24T01:45:51-07:00,3,33
global.js,127,js,f0843072,Bokyoung Son,2025-10-24,01:45:51,-07:00,2025-10-24T01:45:51-07:00,3,49
global.js,128,js,f0843072,Bokyoung Son,2025-10-24,01:45:51,-07:00,2025-10-24T01:45:51-07:00,3,27
global.js,129,js,f0843072,Bokyoung Son,2025-10-24,01:45:51,-07:00,2025-10-24T01:45:51-07:00,2,0
global.js,130,js,f0843072,Bokyoung Son,2025-10-24,01:45:51,-07:00,2025-10-24T01:45:51-07:00,2,0
global.js,131,js,f0843072,Bokyoung Son,2025-10-24,01:45:51,-07:00,2025-10-24T01:45:51-07:00,2,36
global.js,132,js,f0843072,Bokyoung Son,2025-10-24,01:45:51,-07:00,2025-10-24T01:45:51-07:00,1,1
global.js,133,js,f0843072,Bokyoung Son,2025-10-24,01:45:51,-07:00,2025-10-24T01:45:51-07:00,0,0
global.js,134,js,f0843072,Bokyoung Son,2025-10-24,01:45:51,-07:00,2025-10-24T01:45:51-07:00,0,47
global.js,135,js,f0843072,Bokyoung Son,2025-10-24,01:45:51,-07:00,2025-10-24T01:45:51-07:00,1,59
global.js,136,js,f0843072,Bokyoung Son,2025-10-24,01:45:51,-07:00,2025-10-24T01:45:51-07:00,0,0
projects\projects.js,1,js,f0843072,Bokyoung Son,2025-10-24,01:45:51,-07:00,2025-10-24T01:45:51-07:00,0,55
projects\projects.js,2,js,8491ab10,Bokyoung Son,2025-10-31,00:36:47,-07:00,2025-10-31T00:36:47-07:00,0,59
projects\projects.js,3,js,f0843072,Bokyoung Son,2025-10-24,01:45:51,-07:00,2025-10-24T01:45:51-07:00,0,0
projects\projects.js,4,js,f0843072,Bokyoung Son,2025-10-24,01:45:51,-07:00,2025-10-24T01:45:51-07:00,0,55
projects\projects.js,5,js,f0843072,Bokyoung Son,2025-10-24,01:45:51,-07:00,2025-10-24T01:45:51-07:00,0,60
projects\projects.js,6,js,f0843072,Bokyoung Son,2025-10-24,01:45:51,-07:00,2025-10-24T01:45:51-07:00,0,0
projects\projects.js,7,js,f0843072,Bokyoung Son,2025-10-24,01:45:51,-07:00,2025-10-24T01:45:51-07:00,0,48
projects\projects.js,8,js,f0843072,Bokyoung Son,2025-10-24,01:45:51,-07:00,2025-10-24T01:45:51-07:00,0,0
projects\projects.js,9,js,8491ab10,Bokyoung Son,2025-10-31,00:36:47,-07:00,2025-10-31T00:36:47-07:00,0,0
projects\projects.js,10,js,f0843072,Bokyoung Son,2025-10-24,01:45:51,-07:00,2025-10-24T01:45:51-07:00,0,62
projects\projects.js,11,js,f0843072,Bokyoung Son,2025-10-24,01:45:51,-07:00,2025-10-24T01:45:51-07:00,0,18
projects\projects.js,12,js,f0843072,Bokyoung Son,2025-10-24,01:45:51,-07:00,2025-10-24T01:45:51-07:00,1,61
projects\projects.js,13,js,8491ab10,Bokyoung Son,2025-10-31,00:36:47,-07:00,2025-10-31T00:36:47-07:00,0,0
projects\projects.js,14,js,8491ab10,Bokyoung Son,2025-10-31,00:36:47,-07:00,2025-10-31T00:36:47-07:00,0,0
projects\projects.js,15,js,8491ab10,Bokyoung Son,2025-10-31,00:36:47,-07:00,2025-10-31T00:36:47-07:00,0,25
projects\projects.js,16,js,8491ab10,Bokyoung Son,2025-10-31,00:36:47,-07:00,2025-10-31T00:36:47-07:00,1,13
projects\projects.js,17,js,8491ab10,Bokyoung Son,2025-10-31,00:36:47,-07:00,2025-10-31T00:36:47-07:00,1,15
projects\projects.js,18,js,8491ab10,Bokyoung Son,2025-10-31,00:36:47,-07:00,2025-10-31T00:36:47-07:00,0,0
projects\projects.js,19,js,8491ab10,Bokyoung Son,2025-10-31,00:36:47,-07:00,2025-10-31T00:36:47-07:00,0,47
projects\projects.js,20,js,8491ab10,Bokyoung Son,2025-10-31,00:36:47,-07:00,2025-10-31T00:36:47-07:00,0,0
projects\projects.js,21,js,8491ab10,Bokyoung Son,2025-10-31,00:36:47,-07:00,2025-10-31T00:36:47-07:00,0,21
projects\projects.js,22,js,8491ab10,Bokyoung Son,2025-10-31,00:36:47,-07:00,2025-10-31T00:36:47-07:00,0,0
projects\projects.js,23,js,8491ab10,Bokyoung Son,2025-10-31,00:36:47,-07:00,2025-10-31T00:36:47-07:00,0,38
projects\projects.js,24,js,8491ab10,Bokyoung Son,2025-10-31,00:36:47,-07:00,2025-10-31T00:36:47-07:00,1,26
projects\projects.js,25,js,8491ab10,Bokyoung Son,2025-10-31,00:36:47,-07:00,2025-10-31T00:36:47-07:00,2,12
projects\projects.js,26,js,8491ab10,Bokyoung Son,2025-10-31,00:36:47,-07:00,2025-10-31T00:36:47-07:00,2,14
projects\projects.js,27,js,8491ab10,Bokyoung Son,2025-10-31,00:36:47,-07:00,2025-10-31T00:36:47-07:00,2,11
projects\projects.js,28,js,8491ab10,Bokyoung Son,2025-10-31,00:36:47,-07:00,2025-10-31T00:36:47-07:00,1,0
projects\projects.js,29,js,8491ab10,Bokyoung Son,2025-10-31,00:36:47,-07:00,2025-10-31T00:36:47-07:00,0,0
projects\projects.js,30,js,8491ab10,Bokyoung Son,2025-10-31,00:36:47,-07:00,2025-10-31T00:36:47-07:00,0,0
projects\projects.js,31,js,8491ab10,Bokyoung Son,2025-10-31,00:36:47,-07:00,2025-10-31T00:36:47-07:00,1,44
projects\projects.js,32,js,8491ab10,Bokyoung Son,2025-10-31,00:36:47,-07:00,2025-10-31T00:36:47-07:00,2,35
projects\projects.js,33,js,8491ab10,Bokyoung Son,2025-10-31,00:36:47,-07:00,2025-10-31T00:36:47-07:00,1,1
projects\projects.js,34,js,8491ab10,Bokyoung Son,2025-10-31,00:36:47,-07:00,2025-10-31T00:36:47-07:00,0,0
projects\projects.js,35,js,8491ab10,Bokyoung Son,2025-10-31,00:36:47,-07:00,2025-10-31T00:36:47-07:00,1,50
projects\projects.js,36,js,8491ab10,Bokyoung Son,2025-10-31,00:36:47,-07:00,2025-10-31T00:36:47-07:00,1,33
projects\projects.js,37,js,8491ab10,Bokyoung Son,2025-10-31,00:36:47,-07:00,2025-10-31T00:36:47-07:00,1,45
projects\projects.js,38,js,8491ab10,Bokyoung Son,2025-10-31,00:36:47,-07:00,2025-10-31T00:36:47-07:00,0,0
projects\projects.js,39,js,8491ab10,Bokyoung Son,2025-10-31,00:36:47,-07:00,2025-10-31T00:36:47-07:00,1,25
projects\projects.js,40,js,8491ab10,Bokyoung Son,2025-10-31,00:36:47,-07:00,2025-10-31T00:36:47-07:00,1,29
projects\projects.js,41,js,8491ab10,Bokyoung Son,2025-10-31,00:36:47,-07:00,2025-10-31T00:36:47-07:00,1,0
projects\projects.js,42,js,8491ab10,Bokyoung Son,2025-10-31,00:36:47,-07:00,2025-10-31T00:36:47-07:00,1,32
projects\projects.js,43,js,8491ab10,Bokyoung Son,2025-10-31,00:36:47,-07:00,2025-10-31T00:36:47-07:00,1,30
projects\projects.js,44,js,8491ab10,Bokyoung Son,2025-10-31,00:36:47,-07:00,2025-10-31T00:36:47-07:00,0,0
projects\projects.js,45,js,8491ab10,Bokyoung Son,2025-10-31,00:36:47,-07:00,2025-10-31T00:36:47-07:00,1,24
projects\projects.js,46,js,8491ab10,Bokyoung Son,2025-10-31,00:36:47,-07:00,2025-10-31T00:36:47-07:00,2,1
projects\projects.js,47,js,8491ab10,Bokyoung Son,2025-10-31,00:36:47,-07:00,2025-10-31T00:36:47-07:00,3,13
projects\projects.js,48,js,8491ab10,Bokyoung Son,2025-10-31,00:36:47,-07:00,2025-10-31T00:36:47-07:00,3,13
projects\projects.js,49,js,8491ab10,Bokyoung Son,2025-10-31,00:36:47,-07:00,2025-10-31T00:36:47-07:00,3,22
projects\projects.js,50,js,8491ab10,Bokyoung Son,2025-10-31,00:36:47,-07:00,2025-10-31T00:36:47-07:00,3,51
projects\projects.js,51,js,8491ab10,Bokyoung Son,2025-10-31,00:36:47,-07:00,2025-10-31T00:36:47-07:00,3,18
projects\projects.js,52,js,8491ab10,Bokyoung Son,2025-10-31,00:36:47,-07:00,2025-10-31T00:36:47-07:00,4,45
projects\projects.js,53,js,8491ab10,Bokyoung Son,2025-10-31,00:36:47,-07:00,2025-10-31T00:36:47-07:00,4,0
projects\projects.js,54,js,8491ab10,Bokyoung Son,2025-10-31,00:36:47,-07:00,2025-10-31T00:36:47-07:00,4,0
projects\projects.js,55,js,8491ab10,Bokyoung Son,2025-10-31,00:36:47,-07:00,2025-10-31T00:36:47-07:00,4,45
projects\projects.js,56,js,8491ab10,Bokyoung Son,2025-10-31,00:36:47,-07:00,2025-10-31T00:36:47-07:00,5,37
projects\projects.js,57,js,8491ab10,Bokyoung Son,2025-10-31,00:36:47,-07:00,2025-10-31T00:36:47-07:00,4,0
projects\projects.js,58,js,8491ab10,Bokyoung Son,2025-10-31,00:36:47,-07:00,2025-10-31T00:36:47-07:00,4,0
projects\projects.js,59,js,8491ab10,Bokyoung Son,2025-10-31,00:36:47,-07:00,2025-10-31T00:36:47-07:00,4,0
projects\projects.js,60,js,8491ab10,Bokyoung Son,2025-10-31,00:36:47,-07:00,2025-10-31T00:36:47-07:00,4,46
projects\projects.js,61,js,8491ab10,Bokyoung Son,2025-10-31,00:36:47,-07:00,2025-10-31T00:36:47-07:00,5,60
projects\projects.js,62,js,8491ab10,Bokyoung Son,2025-10-31,00:36:47,-07:00,2025-10-31T00:36:47-07:00,4,0
projects\projects.js,63,js,8491ab10,Bokyoung Son,2025-10-31,00:36:47,-07:00,2025-10-31T00:36:47-07:00,4,0
projects\projects.js,64,js,8491ab10,Bokyoung Son,2025-10-31,00:36:47,-07:00,2025-10-31T00:36:47-07:00,4,0
projects\projects.js,65,js,8491ab10,Bokyoung Son,2025-10-31,00:36:47,-07:00,2025-10-31T00:36:47-07:00,4,25
projects\projects.js,66,js,8491ab10,Bokyoung Son,2025-10-31,00:36:47,-07:00,2025-10-31T00:36:47-07:00,5,0
projects\projects.js,67,js,8491ab10,Bokyoung Son,2025-10-31,00:36:47,-07:00,2025-10-31T00:36:47-07:00,5,53
projects\projects.js,68,js,8491ab10,Bokyoung Son,2025-10-31,00:36:47,-07:00,2025-10-31T00:36:47-07:00,5,66
projects\projects.js,69,js,8491ab10,Bokyoung Son,2025-10-31,00:36:47,-07:00,2025-10-31T00:36:47-07:00,4,6
projects\projects.js,70,js,8491ab10,Bokyoung Son,2025-10-31,00:36:47,-07:00,2025-10-31T00:36:47-07:00,5,0
projects\projects.js,71,js,8491ab10,Bokyoung Son,2025-10-31,00:36:47,-07:00,2025-10-31T00:36:47-07:00,5,43
projects\projects.js,72,js,8491ab10,Bokyoung Son,2025-10-31,00:36:47,-07:00,2025-10-31T00:36:47-07:00,5,64
projects\projects.js,73,js,8491ab10,Bokyoung Son,2025-10-31,00:36:47,-07:00,2025-10-31T00:36:47-07:00,5,48
projects\projects.js,74,js,8491ab10,Bokyoung Son,2025-10-31,00:36:47,-07:00,2025-10-31T00:36:47-07:00,5,61
projects\projects.js,75,js,8491ab10,Bokyoung Son,2025-10-31,00:36:47,-07:00,2025-10-31T00:36:47-07:00,4,0
projects\projects.js,76,js,8491ab10,Bokyoung Son,2025-10-31,00:36:47,-07:00,2025-10-31T00:36:47-07:00,3,1
projects\projects.js,77,js,8491ab10,Bokyoung Son,2025-10-31,00:36:47,-07:00,2025-10-31T00:36:47-07:00,1,1
projects\projects.js,78,js,8491ab10,Bokyoung Son,2025-10-31,00:36:47,-07:00,2025-10-31T00:36:47-07:00,0,0
projects\projects.js,79,js,8491ab10,Bokyoung Son,2025-10-31,00:36:47,-07:00,2025-10-31T00:36:47-07:00,0,0
projects\projects.js,80,js,8491ab10,Bokyoung Son,2025-10-31,00:36:47,-07:00,2025-10-31T00:36:47-07:00,1,24
projects\projects.js,81,js,8491ab10,Bokyoung Son,2025-10-31,00:36:47,-07:00,2025-10-31T00:36:47-07:00,2,4
projects\projects.js,82,js,8491ab10,Bokyoung Son,2025-10-31,00:36:47,-07:00,2025-10-31T00:36:47-07:00,3,11
projects\projects.js,83,js,8491ab10,Bokyoung Son,2025-10-31,00:36:47,-07:00,2025-10-31T00:36:47-07:00,3,38
projects\projects.js,84,js,8491ab10,Bokyoung Son,2025-10-31,00:36:47,-07:00,2025-10-31T00:36:47-07:00,3,76
projects\projects.js,85,js,8491ab10,Bokyoung Son,2025-10-31,00:36:47,-07:00,2025-10-31T00:36:47-07:00,3,69
projects\projects.js,86,js,8491ab10,Bokyoung Son,2025-10-31,00:36:47,-07:00,2025-10-31T00:36:47-07:00,1,1
projects\projects.js,87,js,8491ab10,Bokyoung Son,2025-10-31,00:36:47,-07:00,2025-10-31T00:36:47-07:00,0,0
projects\projects.js,88,js,8491ab10,Bokyoung Son,2025-10-31,00:36:47,-07:00,2025-10-31T00:36:47-07:00,0,0
projects\projects.js,89,js,8491ab10,Bokyoung Son,2025-10-31,00:36:47,-07:00,2025-10-31T00:36:47-07:00,0,23
projects\projects.js,90,js,8491ab10,Bokyoung Son,2025-10-31,00:36:47,-07:00,2025-10-31T00:36:47-07:00,0,0
projects\projects.js,91,js,8491ab10,Bokyoung Son,2025-10-31,00:36:47,-07:00,2025-10-31T00:36:47-07:00,0,0
projects\projects.js,92,js,8491ab10,Bokyoung Son,2025-10-31,00:36:47,-07:00,2025-10-31T00:36:47-07:00,0,13
projects\projects.js,93,js,8491ab10,Bokyoung Son,2025-10-31,00:36:47,-07:00,2025-10-31T00:36:47-07:00,0,53
projects\projects.js,94,js,8491ab10,Bokyoung Son,2025-10-31,00:36:47,-07:00,2025-10-31T00:36:47-07:00,0,0
projects\projects.js,95,js,8491ab10,Bokyoung Son,2025-10-31,00:36:47,-07:00,2025-10-31T00:36:47-07:00,0,48
projects\projects.js,96,js,8491ab10,Bokyoung Son,2025-10-31,00:36:47,-07:00,2025-10-31T00:36:47-07:00,1,39
projects\projects.js,97,js,8491ab10,Bokyoung Son,2025-10-31,00:36:47,-07:00,2025-10-31T00:36:47-07:00,1,0
projects\projects.js,98,js,8491ab10,Bokyoung Son,2025-10-31,00:36:47,-07:00,2025-10-31T00:36:47-07:00,1,51
projects\projects.js,99,js,8491ab10,Bokyoung Son,2025-10-31,00:36:47,-07:00,2025-10-31T00:36:47-07:00,2,59
projects\projects.js,100,js,8491ab10,Bokyoung Son,2025-10-31,00:36:47,-07:00,2025-10-31T00:36:47-07:00,2,28
projects\projects.js,101,js,8491ab10,Bokyoung Son,2025-10-31,00:36:47,-07:00,2025-10-31T00:36:47-07:00,1,1
projects\projects.js,102,js,8491ab10,Bokyoung Son,2025-10-31,00:36:47,-07:00,2025-10-31T00:36:47-07:00,1,0
projects\projects.js,103,js,8491ab10,Bokyoung Son,2025-10-31,00:36:47,-07:00,2025-10-31T00:36:47-07:00,1,56
projects\projects.js,104,js,8491ab10,Bokyoung Son,2025-10-31,00:36:47,-07:00,2025-10-31T00:36:47-07:00,1,31
projects\projects.js,105,js,8491ab10,Bokyoung Son,2025-10-31,00:36:47,-07:00,2025-10-31T00:36:47-07:00,1,0
projects\projects.js,106,js,8491ab10,Bokyoung Son,2025-10-31,00:36:47,-07:00,2025-10-31T00:36:47-07:00,0,0
projects\projects.js,107,js,8491ab10,Bokyoung Son,2025-10-31,00:36:47,-07:00,2025-10-31T00:36:47-07:00,1,69
projects\projects.js,108,js,8491ab10,Bokyoung Son,2025-10-31,00:36:47,-07:00,2025-10-31T00:36:47-07:00,1,0
projects\projects.js,109,js,8491ab10,Bokyoung Son,2025-10-31,00:36:47,-07:00,2025-10-31T00:36:47-07:00,0,0
projects\projects.js,110,js,8491ab10,Bokyoung Son,2025-10-31,00:36:47,-07:00,2025-10-31T00:36:47-07:00,1,17
projects\projects.js,111,js,8491ab10,Bokyoung Son,2025-10-31,00:36:47,-07:00,2025-10-31T00:36:47-07:00,0,1
projects\index.html,1,html,908eab09,Bokyoung Son,2025-10-03,20:56:27,-07:00,2025-10-03T20:56:27-07:00,0,13
projects\index.html,2,html,908eab09,Bokyoung Son,2025-10-03,20:56:27,-07:00,2025-10-03T20:56:27-07:00,0,14
projects\index.html,3,html,908eab09,Bokyoung Son,2025-10-03,20:56:27,-07:00,2025-10-03T20:56:27-07:00,0,4
projects\index.html,4,html,908eab09,Bokyoung Son,2025-10-03,20:56:27,-07:00,2025-10-03T20:56:27-07:00,2,20
projects\index.html,5,html,908eab09,Bokyoung Son,2025-10-03,20:56:27,-07:00,2025-10-03T20:56:27-07:00,2,68
projects\index.html,6,html,908eab09,Bokyoung Son,2025-10-03,20:56:27,-07:00,2025-10-03T20:56:27-07:00,2,21
projects\index.html,7,html,908eab09,Bokyoung Son,2025-10-03,20:56:27,-07:00,2025-10-03T20:56:27-07:00,2,41
projects\index.html,8,html,908eab09,Bokyoung Son,2025-10-03,20:56:27,-07:00,2025-10-03T20:56:27-07:00,0,5
projects\index.html,9,html,908eab09,Bokyoung Son,2025-10-03,20:56:27,-07:00,2025-10-03T20:56:27-07:00,0,4
projects\index.html,10,html,1bef06b3,Bokyoung Son,2025-10-15,00:56:12,-07:00,2025-10-15T00:56:12-07:00,0,0
projects\index.html,11,html,908eab09,Bokyoung Son,2025-10-03,20:56:27,-07:00,2025-10-03T20:56:27-07:00,2,0
projects\index.html,12,html,f0843072,Bokyoung Son,2025-10-24,01:45:51,-07:00,2025-10-24T01:45:51-07:00,2,41
projects\index.html,13,html,8491ab10,Bokyoung Son,2025-10-31,00:36:47,-07:00,2025-10-31T00:36:47-07:00,2,4
projects\index.html,14,html,8491ab10,Bokyoung Son,2025-10-31,00:36:47,-07:00,2025-10-31T00:36:47-07:00,4,15
projects\index.html,15,html,8491ab10,Bokyoung Son,2025-10-31,00:36:47,-07:00,2025-10-31T00:36:47-07:00,4,11
projects\index.html,16,html,8491ab10,Bokyoung Son,2025-10-31,00:36:47,-07:00,2025-10-31T00:36:47-07:00,4,26
projects\index.html,17,html,8491ab10,Bokyoung Son,2025-10-31,00:36:47,-07:00,2025-10-31T00:36:47-07:00,4,31
projects\index.html,18,html,8491ab10,Bokyoung Son,2025-10-31,00:36:47,-07:00,2025-10-31T00:36:47-07:00,2,0
projects\index.html,19,html,8491ab10,Bokyoung Son,2025-10-31,00:36:47,-07:00,2025-10-31T00:36:47-07:00,2,25
projects\index.html,20,html,8491ab10,Bokyoung Son,2025-10-31,00:36:47,-07:00,2025-10-31T00:36:47-07:00,4,58
projects\index.html,21,html,8491ab10,Bokyoung Son,2025-10-31,00:36:47,-07:00,2025-10-31T00:36:47-07:00,4,22
projects\index.html,22,html,8491ab10,Bokyoung Son,2025-10-31,00:36:47,-07:00,2025-10-31T00:36:47-07:00,2,4
projects\index.html,23,html,f0843072,Bokyoung Son,2025-10-24,01:45:51,-07:00,2025-10-24T01:45:51-07:00,0,0
projects\index.html,24,html,8491ab10,Bokyoung Son,2025-10-31,00:36:47,-07:00,2025-10-31T00:36:47-07:00,2,26
projects\index.html,25,html,f0843072,Bokyoung Son,2025-10-24,01:45:51,-07:00,2025-10-24T01:45:51-07:00,0,0
projects\index.html,26,html,8491ab10,Bokyoung Son,2025-10-31,00:36:47,-07:00,2025-10-31T00:36:47-07:00,0,0
projects\index.html,27,html,8491ab10,Bokyoung Son,2025-10-31,00:36:47,-07:00,2025-10-31T00:36:47-07:00,2,48
projects\index.html,28,html,8491ab10,Bokyoung Son,2025-10-31,00:36:47,-07:00,2025-10-31T00:36:47-07:00,2,47
projects\index.html,29,html,f48e3294,Bokyoung Son,2025-10-10,15:50:24,-07:00,2025-10-10T15:50:24-07:00,0,0
projects\index.html,30,html,1bef06b3,Bokyoung Son,2025-10-15,00:56:12,-07:00,2025-10-15T00:56:12-07:00,0,0
projects\index.html,31,html,908eab09,Bokyoung Son,2025-10-03,20:56:27,-07:00,2025-10-03T20:56:27-07:00,0,5
projects\index.html,32,html,908eab09,Bokyoung Son,2025-10-03,20:56:27,-07:00,2025-10-03T20:56:27-07:00,0,5
cv\index.html,1,html,908eab09,Bokyoung Son,2025-10-03,20:56:27,-07:00,2025-10-03T20:56:27-07:00,0,13
cv\index.html,2,html,908eab09,Bokyoung Son,2025-10-03,20:56:27,-07:00,2025-10-03T20:56:27-07:00,0,14
cv\index.html,3,html,908eab09,Bokyoung Son,2025-10-03,20:56:27,-07:00,2025-10-03T20:56:27-07:00,0,4
cv\index.html,4,html,908eab09,Bokyoung Son,2025-10-03,20:56:27,-07:00,2025-10-03T20:56:27-07:00,2,20
cv\index.html,5,html,908eab09,Bokyoung Son,2025-10-03,20:56:27,-07:00,2025-10-03T20:56:27-07:00,2,68
cv\index.html,6,html,908eab09,Bokyoung Son,2025-10-03,20:56:27,-07:00,2025-10-03T20:56:27-07:00,2,29
cv\index.html,7,html,908eab09,Bokyoung Son,2025-10-03,20:56:27,-07:00,2025-10-03T20:56:27-07:00,2,41
cv\index.html,8,html,908eab09,Bokyoung Son,2025-10-03,20:56:27,-07:00,2025-10-03T20:56:27-07:00,0,0
cv\index.html,9,html,908eab09,Bokyoung Son,2025-10-03,20:56:27,-07:00,2025-10-03T20:56:27-07:00,0,5
cv\index.html,10,html,908eab09,Bokyoung Son,2025-10-03,20:56:27,-07:00,2025-10-03T20:56:27-07:00,0,4
cv\index.html,11,html,1bef06b3,Bokyoung Son,2025-10-15,00:56:12,-07:00,2025-10-15T00:56:12-07:00,0,0
cv\index.html,12,html,908eab09,Bokyoung Son,2025-10-03,20:56:27,-07:00,2025-10-03T20:56:27-07:00,0,0
cv\index.html,13,html,908eab09,Bokyoung Son,2025-10-03,20:56:27,-07:00,2025-10-03T20:56:27-07:00,2,23
cv\index.html,14,html,908eab09,Bokyoung Son,2025-10-03,20:56:27,-07:00,2025-10-03T20:56:27-07:00,0,0
cv\index.html,15,html,908eab09,Bokyoung Son,2025-10-03,20:56:27,-07:00,2025-10-03T20:56:27-07:00,2,7
cv\index.html,16,html,908eab09,Bokyoung Son,2025-10-03,20:56:27,-07:00,2025-10-03T20:56:27-07:00,4,16
cv\index.html,17,html,908eab09,Bokyoung Son,2025-10-03,20:56:27,-07:00,2025-10-03T20:56:27-07:00,4,7
cv\index.html,18,html,908eab09,Bokyoung Son,2025-10-03,20:56:27,-07:00,2025-10-03T20:56:27-07:00,6,101
cv\index.html,19,html,908eab09,Bokyoung Son,2025-10-03,20:56:27,-07:00,2025-10-03T20:56:27-07:00,6,36
cv\index.html,20,html,908eab09,Bokyoung Son,2025-10-03,20:56:27,-07:00,2025-10-03T20:56:27-07:00,4,8
cv\index.html,21,html,908eab09,Bokyoung Son,2025-10-03,20:56:27,-07:00,2025-10-03T20:56:27-07:00,2,8
cv\index.html,22,html,908eab09,Bokyoung Son,2025-10-03,20:56:27,-07:00,2025-10-03T20:56:27-07:00,0,0
cv\index.html,23,html,908eab09,Bokyoung Son,2025-10-03,20:56:27,-07:00,2025-10-03T20:56:27-07:00,2,7
cv\index.html,24,html,908eab09,Bokyoung Son,2025-10-03,20:56:27,-07:00,2025-10-03T20:56:27-07:00,4,22
cv\index.html,25,html,908eab09,Bokyoung Son,2025-10-03,20:56:27,-07:00,2025-10-03T20:56:27-07:00,4,7
cv\index.html,26,html,908eab09,Bokyoung Son,2025-10-03,20:56:27,-07:00,2025-10-03T20:56:27-07:00,6,6
cv\index.html,27,html,908eab09,Bokyoung Son,2025-10-03,20:56:27,-07:00,2025-10-03T20:56:27-07:00,8,16
cv\index.html,28,html,908eab09,Bokyoung Son,2025-10-03,20:56:27,-07:00,2025-10-03T20:56:27-07:00,8,9
cv\index.html,29,html,908eab09,Bokyoung Son,2025-10-03,20:56:27,-07:00,2025-10-03T20:56:27-07:00,8,61
cv\index.html,30,html,908eab09,Bokyoung Son,2025-10-03,20:56:27,-07:00,2025-10-03T20:56:27-07:00,6,7
cv\index.html,31,html,908eab09,Bokyoung Son,2025-10-03,20:56:27,-07:00,2025-10-03T20:56:27-07:00,6,2
cv\index.html,32,html,908eab09,Bokyoung Son,2025-10-03,20:56:27,-07:00,2025-10-03T20:56:27-07:00,8,31
cv\index.html,33,html,908eab09,Bokyoung Son,2025-10-03,20:56:27,-07:00,2025-10-03T20:56:27-07:00,8,34
cv\index.html,34,html,908eab09,Bokyoung Son,2025-10-03,20:56:27,-07:00,2025-10-03T20:56:27-07:00,8,26
cv\index.html,35,html,908eab09,Bokyoung Son,2025-10-03,20:56:27,-07:00,2025-10-03T20:56:27-07:00,6,3
cv\index.html,36,html,908eab09,Bokyoung Son,2025-10-03,20:56:27,-07:00,2025-10-03T20:56:27-07:00,4,8
cv\index.html,37,html,908eab09,Bokyoung Son,2025-10-03,20:56:27,-07:00,2025-10-03T20:56:27-07:00,2,8
cv\index.html,38,html,908eab09,Bokyoung Son,2025-10-03,20:56:27,-07:00,2025-10-03T20:56:27-07:00,2,0
cv\index.html,39,html,908eab09,Bokyoung Son,2025-10-03,20:56:27,-07:00,2025-10-03T20:56:27-07:00,2,7
cv\index.html,40,html,908eab09,Bokyoung Son,2025-10-03,20:56:27,-07:00,2025-10-03T20:56:27-07:00,4,13
cv\index.html,41,html,908eab09,Bokyoung Son,2025-10-03,20:56:27,-07:00,2025-10-03T20:56:27-07:00,4,2
cv\index.html,42,html,908eab09,Bokyoung Son,2025-10-03,20:56:27,-07:00,2025-10-03T20:56:27-07:00,6,32
cv\index.html,43,html,908eab09,Bokyoung Son,2025-10-03,20:56:27,-07:00,2025-10-03T20:56:27-07:00,6,34
cv\index.html,44,html,908eab09,Bokyoung Son,2025-10-03,20:56:27,-07:00,2025-10-03T20:56:27-07:00,6,43
cv\index.html,45,html,908eab09,Bokyoung Son,2025-10-03,20:56:27,-07:00,2025-10-03T20:56:27-07:00,4,3
cv\index.html,46,html,908eab09,Bokyoung Son,2025-10-03,20:56:27,-07:00,2025-10-03T20:56:27-07:00,2,8
cv\index.html,47,html,908eab09,Bokyoung Son,2025-10-03,20:56:27,-07:00,2025-10-03T20:56:27-07:00,0,0
cv\index.html,48,html,1bef06b3,Bokyoung Son,2025-10-15,00:56:12,-07:00,2025-10-15T00:56:12-07:00,2,48
cv\index.html,49,html,1bef06b3,Bokyoung Son,2025-10-15,00:56:12,-07:00,2025-10-15T00:56:12-07:00,0,0
cv\index.html,50,html,908eab09,Bokyoung Son,2025-10-03,20:56:27,-07:00,2025-10-03T20:56:27-07:00,0,5
cv\index.html,51,html,908eab09,Bokyoung Son,2025-10-03,20:56:27,-07:00,2025-10-03T20:56:27-07:00,0,5
contact\index.html,1,html,908eab09,Bokyoung Son,2025-10-03,20:56:27,-07:00,2025-10-03T20:56:27-07:00,0,13
contact\index.html,2,html,908eab09,Bokyoung Son,2025-10-03,20:56:27,-07:00,2025-10-03T20:56:27-07:00,0,14
contact\index.html,3,html,908eab09,Bokyoung Son,2025-10-03,20:56:27,-07:00,2025-10-03T20:56:27-07:00,0,4
contact\index.html,4,html,908eab09,Bokyoung Son,2025-10-03,20:56:27,-07:00,2025-10-03T20:56:27-07:00,2,20
contact\index.html,5,html,908eab09,Bokyoung Son,2025-10-03,20:56:27,-07:00,2025-10-03T20:56:27-07:00,2,68
contact\index.html,6,html,908eab09,Bokyoung Son,2025-10-03,20:56:27,-07:00,2025-10-03T20:56:27-07:00,2,20
contact\index.html,7,html,908eab09,Bokyoung Son,2025-10-03,20:56:27,-07:00,2025-10-03T20:56:27-07:00,2,41
contact\index.html,8,html,908eab09,Bokyoung Son,2025-10-03,20:56:27,-07:00,2025-10-03T20:56:27-07:00,0,5
contact\index.html,9,html,908eab09,Bokyoung Son,2025-10-03,20:56:27,-07:00,2025-10-03T20:56:27-07:00,0,4
contact\index.html,10,html,1bef06b3,Bokyoung Son,2025-10-15,00:56:12,-07:00,2025-10-15T00:56:12-07:00,0,0
contact\index.html,11,html,908eab09,Bokyoung Son,2025-10-03,20:56:27,-07:00,2025-10-03T20:56:27-07:00,2,0
contact\index.html,12,html,908eab09,Bokyoung Son,2025-10-03,20:56:27,-07:00,2025-10-03T20:56:27-07:00,2,14
contact\index.html,13,html,1bef06b3,Bokyoung Son,2025-10-15,00:56:12,-07:00,2025-10-15T00:56:12-07:00,1,48
contact\index.html,14,html,1bef06b3,Bokyoung Son,2025-10-15,00:56:12,-07:00,2025-10-15T00:56:12-07:00,2,5
contact\index.html,15,html,1bef06b3,Bokyoung Son,2025-10-15,00:56:12,-07:00,2025-10-15T00:56:12-07:00,4,6
contact\index.html,16,html,1bef06b3,Bokyoung Son,2025-10-15,00:56:12,-07:00,2025-10-15T00:56:12-07:00,4,29
contact\index.html,17,html,1bef06b3,Bokyoung Son,2025-10-15,00:56:12,-07:00,2025-10-15T00:56:12-07:00,2,6
contact\index.html,18,html,1bef06b3,Bokyoung Son,2025-10-15,00:56:12,-07:00,2025-10-15T00:56:12-07:00,2,5
contact\index.html,19,html,1bef06b3,Bokyoung Son,2025-10-15,00:56:12,-07:00,2025-10-15T00:56:12-07:00,4,6
contact\index.html,20,html,1bef06b3,Bokyoung Son,2025-10-15,00:56:12,-07:00,2025-10-15T00:56:12-07:00,4,40
contact\index.html,21,html,1bef06b3,Bokyoung Son,2025-10-15,00:56:12,-07:00,2025-10-15T00:56:12-07:00,2,6
contact\index.html,22,html,1bef06b3,Bokyoung Son,2025-10-15,00:56:12,-07:00,2025-10-15T00:56:12-07:00,2,33
contact\index.html,23,html,1bef06b3,Bokyoung Son,2025-10-15,00:56:12,-07:00,2025-10-15T00:56:12-07:00,0,5
contact\index.html,24,html,908eab09,Bokyoung Son,2025-10-03,20:56:27,-07:00,2025-10-03T20:56:27-07:00,0,0
contact\index.html,25,html,1bef06b3,Bokyoung Son,2025-10-15,00:56:12,-07:00,2025-10-15T00:56:12-07:00,2,48
contact\index.html,26,html,908eab09,Bokyoung Son,2025-10-03,20:56:27,-07:00,2025-10-03T20:56:27-07:00,0,5
contact\index.html,27,html,908eab09,Bokyoung Son,2025-10-03,20:56:27,-07:00,2025-10-03T20:56:27-07:00,0,5
